id,id_app,image_url
1,95,http://dummyimage.com/230x198.png/cc0000/ffffff
2,44,http://dummyimage.com/122x168.jpg/dddddd/000000
3,14,http://dummyimage.com/198x158.bmp/dddddd/000000
4,47,http://dummyimage.com/118x177.bmp/ff4444/ffffff
5,11,http://dummyimage.com/234x140.jpg/5fa2dd/ffffff
6,37,http://dummyimage.com/180x143.png/ff4444/ffffff
7,41,http://dummyimage.com/142x116.jpg/5fa2dd/ffffff
8,67,http://dummyimage.com/236x203.png/dddddd/000000
9,68,http://dummyimage.com/175x144.jpg/ff4444/ffffff
10,70,http://dummyimage.com/101x214.bmp/ff4444/ffffff
11,81,http://dummyimage.com/207x141.png/5fa2dd/ffffff
12,4,http://dummyimage.com/145x119.png/dddddd/000000
13,50,http://dummyimage.com/177x115.jpg/5fa2dd/ffffff
14,56,http://dummyimage.com/227x173.bmp/cc0000/ffffff
15,20,http://dummyimage.com/214x111.bmp/5fa2dd/ffffff
16,4,http://dummyimage.com/215x185.png/dddddd/000000
17,74,http://dummyimage.com/235x217.bmp/5fa2dd/ffffff
18,11,http://dummyimage.com/209x145.png/5fa2dd/ffffff
19,50,http://dummyimage.com/234x163.png/dddddd/000000
20,68,http://dummyimage.com/163x212.bmp/ff4444/ffffff
21,31,http://dummyimage.com/237x249.jpg/dddddd/000000
22,29,http://dummyimage.com/239x229.bmp/cc0000/ffffff
23,10,http://dummyimage.com/231x224.jpg/ff4444/ffffff
24,62,http://dummyimage.com/244x108.jpg/5fa2dd/ffffff
25,96,http://dummyimage.com/101x166.jpg/dddddd/000000
26,2,http://dummyimage.com/170x150.jpg/cc0000/ffffff
27,71,http://dummyimage.com/119x159.png/dddddd/000000
28,88,http://dummyimage.com/112x170.png/ff4444/ffffff
29,67,http://dummyimage.com/126x213.jpg/ff4444/ffffff
30,62,http://dummyimage.com/136x185.jpg/ff4444/ffffff
31,74,http://dummyimage.com/116x180.png/dddddd/000000
32,25,http://dummyimage.com/137x118.png/dddddd/000000
33,92,http://dummyimage.com/228x194.bmp/5fa2dd/ffffff
34,77,http://dummyimage.com/233x124.jpg/ff4444/ffffff
35,86,http://dummyimage.com/226x222.png/cc0000/ffffff
36,6,http://dummyimage.com/178x199.bmp/5fa2dd/ffffff
37,55,http://dummyimage.com/140x115.bmp/cc0000/ffffff
38,35,http://dummyimage.com/214x241.bmp/cc0000/ffffff
39,68,http://dummyimage.com/114x225.bmp/ff4444/ffffff
40,65,http://dummyimage.com/114x108.bmp/dddddd/000000
41,94,http://dummyimage.com/214x101.png/ff4444/ffffff
42,72,http://dummyimage.com/211x242.jpg/ff4444/ffffff
43,21,http://dummyimage.com/250x225.bmp/dddddd/000000
44,64,http://dummyimage.com/242x121.bmp/cc0000/ffffff
45,79,http://dummyimage.com/102x166.jpg/cc0000/ffffff
46,86,http://dummyimage.com/109x139.bmp/5fa2dd/ffffff
47,66,http://dummyimage.com/104x202.jpg/5fa2dd/ffffff
48,30,http://dummyimage.com/216x190.jpg/dddddd/000000
49,59,http://dummyimage.com/168x176.png/ff4444/ffffff
50,85,http://dummyimage.com/174x198.jpg/dddddd/000000
51,54,http://dummyimage.com/140x172.bmp/ff4444/ffffff
52,97,http://dummyimage.com/223x193.png/dddddd/000000
53,11,http://dummyimage.com/218x161.bmp/dddddd/000000
54,66,http://dummyimage.com/213x179.jpg/5fa2dd/ffffff
55,79,http://dummyimage.com/220x178.png/ff4444/ffffff
56,38,http://dummyimage.com/168x186.png/cc0000/ffffff
57,26,http://dummyimage.com/225x199.bmp/cc0000/ffffff
58,80,http://dummyimage.com/114x209.jpg/cc0000/ffffff
59,46,http://dummyimage.com/197x194.png/dddddd/000000
60,33,http://dummyimage.com/165x147.jpg/5fa2dd/ffffff
61,42,http://dummyimage.com/211x212.png/5fa2dd/ffffff
62,53,http://dummyimage.com/184x138.jpg/dddddd/000000
63,21,http://dummyimage.com/109x133.png/5fa2dd/ffffff
64,72,http://dummyimage.com/146x147.png/dddddd/000000
65,10,http://dummyimage.com/244x248.jpg/cc0000/ffffff
66,42,http://dummyimage.com/188x179.jpg/cc0000/ffffff
67,27,http://dummyimage.com/181x177.png/cc0000/ffffff
68,42,http://dummyimage.com/179x159.jpg/5fa2dd/ffffff
69,4,http://dummyimage.com/142x114.jpg/dddddd/000000
70,72,http://dummyimage.com/137x153.bmp/cc0000/ffffff
71,43,http://dummyimage.com/151x120.jpg/5fa2dd/ffffff
72,26,http://dummyimage.com/199x205.png/5fa2dd/ffffff
73,57,http://dummyimage.com/227x206.jpg/dddddd/000000
74,20,http://dummyimage.com/247x128.png/dddddd/000000
75,67,http://dummyimage.com/181x136.png/ff4444/ffffff
76,57,http://dummyimage.com/165x115.bmp/ff4444/ffffff
77,97,http://dummyimage.com/105x162.png/dddddd/000000
78,59,http://dummyimage.com/201x247.bmp/5fa2dd/ffffff
79,80,http://dummyimage.com/162x149.bmp/5fa2dd/ffffff
80,13,http://dummyimage.com/160x125.png/cc0000/ffffff
81,83,http://dummyimage.com/218x187.jpg/ff4444/ffffff
82,76,http://dummyimage.com/126x241.png/5fa2dd/ffffff
83,25,http://dummyimage.com/203x142.jpg/5fa2dd/ffffff
84,75,http://dummyimage.com/209x103.jpg/5fa2dd/ffffff
85,38,http://dummyimage.com/229x128.png/dddddd/000000
86,96,http://dummyimage.com/180x102.jpg/ff4444/ffffff
87,55,http://dummyimage.com/168x108.png/ff4444/ffffff
88,40,http://dummyimage.com/129x142.png/5fa2dd/ffffff
89,75,http://dummyimage.com/193x143.png/dddddd/000000
90,38,http://dummyimage.com/159x192.jpg/5fa2dd/ffffff
91,31,http://dummyimage.com/232x182.png/ff4444/ffffff
92,45,http://dummyimage.com/107x147.png/5fa2dd/ffffff
93,8,http://dummyimage.com/196x196.bmp/5fa2dd/ffffff
94,29,http://dummyimage.com/153x104.jpg/dddddd/000000
95,51,http://dummyimage.com/129x201.png/ff4444/ffffff
96,61,http://dummyimage.com/197x214.jpg/5fa2dd/ffffff
97,51,http://dummyimage.com/118x167.bmp/cc0000/ffffff
98,14,http://dummyimage.com/202x109.png/cc0000/ffffff
99,83,http://dummyimage.com/157x177.bmp/dddddd/000000
100,25,http://dummyimage.com/105x239.jpg/ff4444/ffffff
101,6,http://dummyimage.com/216x127.png/ff4444/ffffff
102,20,http://dummyimage.com/212x212.png/ff4444/ffffff
103,47,http://dummyimage.com/189x142.jpg/dddddd/000000
104,11,http://dummyimage.com/129x145.bmp/ff4444/ffffff
105,64,http://dummyimage.com/228x130.bmp/dddddd/000000
106,8,http://dummyimage.com/160x144.png/ff4444/ffffff
107,67,http://dummyimage.com/239x240.png/dddddd/000000
108,67,http://dummyimage.com/209x109.bmp/5fa2dd/ffffff
109,60,http://dummyimage.com/157x185.png/5fa2dd/ffffff
110,30,http://dummyimage.com/147x240.bmp/cc0000/ffffff
111,40,http://dummyimage.com/171x225.png/ff4444/ffffff
112,2,http://dummyimage.com/153x238.png/dddddd/000000
113,74,http://dummyimage.com/184x197.bmp/5fa2dd/ffffff
114,38,http://dummyimage.com/188x225.png/ff4444/ffffff
115,23,http://dummyimage.com/170x215.bmp/5fa2dd/ffffff
116,46,http://dummyimage.com/233x108.png/cc0000/ffffff
117,63,http://dummyimage.com/139x106.png/ff4444/ffffff
118,13,http://dummyimage.com/206x141.bmp/dddddd/000000
119,1,http://dummyimage.com/156x188.bmp/dddddd/000000
120,87,http://dummyimage.com/220x212.bmp/ff4444/ffffff
121,95,http://dummyimage.com/141x119.bmp/5fa2dd/ffffff
122,83,http://dummyimage.com/161x153.bmp/ff4444/ffffff
123,28,http://dummyimage.com/153x108.bmp/5fa2dd/ffffff
124,80,http://dummyimage.com/238x217.bmp/5fa2dd/ffffff
125,78,http://dummyimage.com/108x230.png/ff4444/ffffff
126,41,http://dummyimage.com/105x178.bmp/cc0000/ffffff
127,68,http://dummyimage.com/184x231.jpg/cc0000/ffffff
128,80,http://dummyimage.com/163x210.bmp/cc0000/ffffff
129,55,http://dummyimage.com/202x230.png/ff4444/ffffff
130,18,http://dummyimage.com/108x216.bmp/5fa2dd/ffffff
131,25,http://dummyimage.com/244x118.bmp/5fa2dd/ffffff
132,22,http://dummyimage.com/175x163.png/cc0000/ffffff
133,59,http://dummyimage.com/184x230.jpg/ff4444/ffffff
134,37,http://dummyimage.com/235x156.png/5fa2dd/ffffff
135,20,http://dummyimage.com/205x195.png/dddddd/000000
136,34,http://dummyimage.com/133x202.bmp/ff4444/ffffff
137,8,http://dummyimage.com/130x126.bmp/ff4444/ffffff
138,43,http://dummyimage.com/129x193.bmp/5fa2dd/ffffff
139,91,http://dummyimage.com/171x198.bmp/ff4444/ffffff
140,50,http://dummyimage.com/114x191.bmp/ff4444/ffffff
141,38,http://dummyimage.com/172x222.jpg/dddddd/000000
142,65,http://dummyimage.com/108x177.bmp/5fa2dd/ffffff
143,54,http://dummyimage.com/221x244.jpg/ff4444/ffffff
144,80,http://dummyimage.com/166x196.jpg/5fa2dd/ffffff
145,93,http://dummyimage.com/121x191.jpg/5fa2dd/ffffff
146,89,http://dummyimage.com/112x118.bmp/5fa2dd/ffffff
147,19,http://dummyimage.com/143x225.png/dddddd/000000
148,54,http://dummyimage.com/227x106.png/dddddd/000000
149,55,http://dummyimage.com/185x218.jpg/dddddd/000000
150,88,http://dummyimage.com/118x121.jpg/cc0000/ffffff
151,29,http://dummyimage.com/173x243.bmp/dddddd/000000
152,6,http://dummyimage.com/218x169.jpg/dddddd/000000
153,36,http://dummyimage.com/236x191.png/cc0000/ffffff
154,1,http://dummyimage.com/154x224.jpg/ff4444/ffffff
155,99,http://dummyimage.com/151x101.png/5fa2dd/ffffff
156,60,http://dummyimage.com/158x197.png/dddddd/000000
157,41,http://dummyimage.com/108x146.png/5fa2dd/ffffff
158,55,http://dummyimage.com/192x247.bmp/dddddd/000000
159,32,http://dummyimage.com/193x135.png/cc0000/ffffff
160,97,http://dummyimage.com/231x201.bmp/ff4444/ffffff
161,84,http://dummyimage.com/169x142.jpg/dddddd/000000
162,42,http://dummyimage.com/219x128.bmp/ff4444/ffffff
163,75,http://dummyimage.com/182x101.png/dddddd/000000
164,78,http://dummyimage.com/234x220.bmp/ff4444/ffffff
165,66,http://dummyimage.com/169x158.png/cc0000/ffffff
166,39,http://dummyimage.com/179x218.bmp/dddddd/000000
167,45,http://dummyimage.com/207x151.png/dddddd/000000
168,42,http://dummyimage.com/232x189.png/ff4444/ffffff
169,11,http://dummyimage.com/187x242.jpg/cc0000/ffffff
170,20,http://dummyimage.com/146x228.bmp/cc0000/ffffff
171,58,http://dummyimage.com/241x124.bmp/5fa2dd/ffffff
172,5,http://dummyimage.com/155x222.jpg/ff4444/ffffff
173,28,http://dummyimage.com/160x131.png/5fa2dd/ffffff
174,19,http://dummyimage.com/120x109.bmp/ff4444/ffffff
175,3,http://dummyimage.com/188x213.jpg/ff4444/ffffff
176,77,http://dummyimage.com/247x228.jpg/5fa2dd/ffffff
177,37,http://dummyimage.com/172x217.bmp/ff4444/ffffff
178,85,http://dummyimage.com/144x152.bmp/5fa2dd/ffffff
179,89,http://dummyimage.com/236x187.bmp/dddddd/000000
180,27,http://dummyimage.com/105x191.jpg/cc0000/ffffff
181,93,http://dummyimage.com/243x225.png/dddddd/000000
182,99,http://dummyimage.com/182x112.jpg/ff4444/ffffff
183,82,http://dummyimage.com/143x162.jpg/5fa2dd/ffffff
184,42,http://dummyimage.com/171x133.png/ff4444/ffffff
185,67,http://dummyimage.com/140x169.bmp/dddddd/000000
186,21,http://dummyimage.com/217x248.jpg/5fa2dd/ffffff
187,94,http://dummyimage.com/145x146.jpg/cc0000/ffffff
188,9,http://dummyimage.com/161x206.png/ff4444/ffffff
189,33,http://dummyimage.com/106x125.png/dddddd/000000
190,1,http://dummyimage.com/212x220.bmp/cc0000/ffffff
191,48,http://dummyimage.com/127x145.bmp/dddddd/000000
192,59,http://dummyimage.com/211x212.png/5fa2dd/ffffff
193,96,http://dummyimage.com/141x145.jpg/ff4444/ffffff
194,82,http://dummyimage.com/237x117.png/5fa2dd/ffffff
195,32,http://dummyimage.com/121x215.png/ff4444/ffffff
196,24,http://dummyimage.com/227x145.jpg/cc0000/ffffff
197,50,http://dummyimage.com/155x167.bmp/5fa2dd/ffffff
198,56,http://dummyimage.com/242x238.jpg/dddddd/000000
199,38,http://dummyimage.com/143x164.png/cc0000/ffffff
200,22,http://dummyimage.com/202x156.bmp/dddddd/000000
201,78,http://dummyimage.com/150x191.jpg/5fa2dd/ffffff
202,98,http://dummyimage.com/177x249.jpg/cc0000/ffffff
203,90,http://dummyimage.com/141x132.jpg/cc0000/ffffff
204,62,http://dummyimage.com/236x218.bmp/ff4444/ffffff
205,83,http://dummyimage.com/174x161.png/cc0000/ffffff
206,14,http://dummyimage.com/197x137.jpg/5fa2dd/ffffff
207,92,http://dummyimage.com/219x117.bmp/ff4444/ffffff
208,16,http://dummyimage.com/215x238.bmp/cc0000/ffffff
209,37,http://dummyimage.com/104x132.bmp/cc0000/ffffff
210,49,http://dummyimage.com/148x158.jpg/5fa2dd/ffffff
211,28,http://dummyimage.com/237x238.png/cc0000/ffffff
212,26,http://dummyimage.com/211x150.jpg/5fa2dd/ffffff
213,86,http://dummyimage.com/103x113.jpg/cc0000/ffffff
214,3,http://dummyimage.com/117x223.png/5fa2dd/ffffff
215,42,http://dummyimage.com/221x227.bmp/ff4444/ffffff
216,62,http://dummyimage.com/155x200.png/dddddd/000000
217,77,http://dummyimage.com/210x200.bmp/cc0000/ffffff
218,21,http://dummyimage.com/195x187.jpg/cc0000/ffffff
219,13,http://dummyimage.com/114x178.png/ff4444/ffffff
220,30,http://dummyimage.com/218x214.jpg/cc0000/ffffff
221,78,http://dummyimage.com/191x184.bmp/5fa2dd/ffffff
222,36,http://dummyimage.com/166x130.bmp/ff4444/ffffff
223,72,http://dummyimage.com/212x142.bmp/cc0000/ffffff
224,62,http://dummyimage.com/202x167.jpg/5fa2dd/ffffff
225,2,http://dummyimage.com/140x149.png/5fa2dd/ffffff
226,21,http://dummyimage.com/205x237.png/5fa2dd/ffffff
227,60,http://dummyimage.com/204x126.jpg/5fa2dd/ffffff
228,29,http://dummyimage.com/104x249.bmp/ff4444/ffffff
229,90,http://dummyimage.com/215x128.bmp/ff4444/ffffff
230,36,http://dummyimage.com/170x226.png/cc0000/ffffff
231,81,http://dummyimage.com/238x136.png/ff4444/ffffff
232,41,http://dummyimage.com/118x174.png/5fa2dd/ffffff
233,97,http://dummyimage.com/193x134.png/cc0000/ffffff
234,62,http://dummyimage.com/188x185.bmp/cc0000/ffffff
235,77,http://dummyimage.com/197x188.bmp/dddddd/000000
236,79,http://dummyimage.com/200x190.bmp/cc0000/ffffff
237,84,http://dummyimage.com/100x174.bmp/ff4444/ffffff
238,54,http://dummyimage.com/118x120.png/ff4444/ffffff
239,85,http://dummyimage.com/139x215.png/ff4444/ffffff
240,61,http://dummyimage.com/241x113.jpg/cc0000/ffffff
241,42,http://dummyimage.com/246x120.bmp/ff4444/ffffff
242,83,http://dummyimage.com/134x229.bmp/ff4444/ffffff
243,51,http://dummyimage.com/237x138.jpg/dddddd/000000
244,20,http://dummyimage.com/141x236.jpg/ff4444/ffffff
245,77,http://dummyimage.com/178x192.png/5fa2dd/ffffff
246,97,http://dummyimage.com/143x227.png/5fa2dd/ffffff
247,99,http://dummyimage.com/236x129.png/ff4444/ffffff
248,16,http://dummyimage.com/115x181.png/cc0000/ffffff
249,72,http://dummyimage.com/122x109.png/dddddd/000000
250,47,http://dummyimage.com/194x161.jpg/ff4444/ffffff
251,90,http://dummyimage.com/180x173.bmp/cc0000/ffffff
252,25,http://dummyimage.com/209x103.jpg/dddddd/000000
253,52,http://dummyimage.com/185x223.png/5fa2dd/ffffff
254,73,http://dummyimage.com/193x102.jpg/ff4444/ffffff
255,52,http://dummyimage.com/146x105.bmp/5fa2dd/ffffff
256,38,http://dummyimage.com/213x234.bmp/5fa2dd/ffffff
257,40,http://dummyimage.com/131x120.png/5fa2dd/ffffff
258,10,http://dummyimage.com/102x220.png/cc0000/ffffff
259,88,http://dummyimage.com/242x113.bmp/cc0000/ffffff
260,30,http://dummyimage.com/152x185.png/cc0000/ffffff
261,64,http://dummyimage.com/110x174.png/dddddd/000000
262,66,http://dummyimage.com/122x141.bmp/cc0000/ffffff
263,45,http://dummyimage.com/146x155.jpg/ff4444/ffffff
264,31,http://dummyimage.com/216x237.bmp/dddddd/000000
265,68,http://dummyimage.com/242x170.png/cc0000/ffffff
266,35,http://dummyimage.com/216x235.bmp/cc0000/ffffff
267,21,http://dummyimage.com/124x138.jpg/ff4444/ffffff
268,40,http://dummyimage.com/155x164.bmp/dddddd/000000
269,99,http://dummyimage.com/177x236.jpg/5fa2dd/ffffff
270,58,http://dummyimage.com/220x173.bmp/dddddd/000000
271,15,http://dummyimage.com/191x110.png/5fa2dd/ffffff
272,65,http://dummyimage.com/127x141.bmp/cc0000/ffffff
273,85,http://dummyimage.com/167x192.bmp/ff4444/ffffff
274,84,http://dummyimage.com/164x237.png/dddddd/000000
275,62,http://dummyimage.com/202x132.png/dddddd/000000
276,97,http://dummyimage.com/106x117.png/ff4444/ffffff
277,36,http://dummyimage.com/199x173.png/ff4444/ffffff
278,85,http://dummyimage.com/216x144.png/ff4444/ffffff
279,86,http://dummyimage.com/207x249.jpg/5fa2dd/ffffff
280,19,http://dummyimage.com/110x107.jpg/dddddd/000000
281,83,http://dummyimage.com/198x190.jpg/dddddd/000000
282,61,http://dummyimage.com/162x168.png/ff4444/ffffff
283,19,http://dummyimage.com/233x134.jpg/dddddd/000000
284,49,http://dummyimage.com/131x224.bmp/5fa2dd/ffffff
285,39,http://dummyimage.com/211x142.png/cc0000/ffffff
286,59,http://dummyimage.com/205x227.bmp/dddddd/000000
287,18,http://dummyimage.com/147x191.jpg/cc0000/ffffff
288,4,http://dummyimage.com/169x137.bmp/dddddd/000000
289,99,http://dummyimage.com/161x141.png/cc0000/ffffff
290,20,http://dummyimage.com/183x117.jpg/dddddd/000000
291,37,http://dummyimage.com/233x211.jpg/5fa2dd/ffffff
292,69,http://dummyimage.com/127x138.png/ff4444/ffffff
293,65,http://dummyimage.com/181x171.bmp/5fa2dd/ffffff
294,93,http://dummyimage.com/182x150.jpg/5fa2dd/ffffff
295,75,http://dummyimage.com/123x129.png/5fa2dd/ffffff
296,38,http://dummyimage.com/110x186.bmp/5fa2dd/ffffff
297,24,http://dummyimage.com/125x237.jpg/dddddd/000000
298,86,http://dummyimage.com/249x171.png/dddddd/000000
299,16,http://dummyimage.com/177x163.png/ff4444/ffffff
300,6,http://dummyimage.com/106x139.png/dddddd/000000
