1,Bitchip,cafepress.com,ffehner0
2,Fixflex,trellian.com,cwynne1
3,Redhold,sbwire.com,lverbeek2
4,Alphazap,time.com,rciubutaro3
5,Greenlam,friendfeed.com,yguillford4
6,Pannier,delicious.com,cvannoort5
7,Biodex,bbb.org,obenedick6
8,Opela,icq.com,dglinde7
9,Bitchip,is.gd,dserrels8
10,Overhold,ovh.net,dderbyshire9
11,Bitwolf,tmall.com,cradleya
12,Daltfresh,wufoo.com,droofeb
13,Tresom,mozilla.com,gdelayglesiasc
14,Wrapsafe,theguardian.com,jworthingtond
15,Y-find,histats.com,ddeedese
16,Konklux,seesaa.net,dgawkef
17,Home Ing,cbsnews.com,pzarbg
18,Aerified,noaa.gov,mhatherleyh
19,Bitchip,epa.gov,mkembleyi
20,Fixflex,ow.ly,edaethj
21,Tin,ebay.co.uk,bbuttonk
22,Stim,taobao.com,jblenkhornl
23,Quo Lux,skype.com,mlastm
24,Zaam-Dox,ow.ly,sornizn
25,Cookley,geocities.com,ebratteno
26,Konklux,youtube.com,mlocketp
27,Daltfresh,cbc.ca,rpearlq
28,Fintone,marketwatch.com,psolonr
29,Gembucket,netscape.com,jfeatherss
30,Tres-Zap,naver.com,asteggalst
31,Greenlam,admin.ch,dbirdenu
32,Quo Lux,ihg.com,ebenittiv
33,Tampflex,51.la,sstannionw
34,Duobam,home.pl,dheinzx
35,Gembucket,google.com,wropey
36,Duobam,mysql.com,kmartlewz
37,Voyatouch,blogspot.com,kferrulli10
38,Transcof,wiley.com,gadanez11
39,Toughjoyfax,bravesites.com,jdowse12
40,Cookley,engadget.com,dcomolli13
41,Asoka,sbwire.com,mtourry14
42,Duobam,usda.gov,adunk15
43,Temp,angelfire.com,sjeannot16
44,Redhold,joomla.org,bcumberpatch17
45,Biodex,hostgator.com,penglish18
46,Voltsillam,mail.ru,dscowen19
47,Zoolab,cafepress.com,btillyer1a
48,Gembucket,si.edu,ghaucke1b
49,Zathin,bluehost.com,rhatter1c
50,Duobam,rakuten.co.jp,bbyforth1d
51,Viva,gmpg.org,cbram1e
52,Tin,meetup.com,cghidini1f
53,Treeflex,g.co,vspira1g
54,Temp,google.com.br,kpawlik1h
55,Stringtough,feedburner.com,bsuerz1i
56,Andalax,uiuc.edu,bsamworth1j
57,Stronghold,de.vu,gfassam1k
58,Ventosanzap,google.nl,gkayley1l
59,Tempsoft,dell.com,mdallimare1m
60,Sub-Ex,yellowbook.com,tbenitez1n
61,Zaam-Dox,globo.com,bavramchik1o
62,Subin,free.fr,wleprovest1p
63,Treeflex,independent.co.uk,nratt1q
64,Cardguard,google.cn,vdodwell1r
65,Duobam,xing.com,mrittelmeyer1s
66,Namfix,biglobe.ne.jp,nmcgragh1t
67,Duobam,prweb.com,mtoor1u
68,Y-Solowarm,rambler.ru,fkidd1v
69,Lotstring,vistaprint.com,mmacgilfoyle1w
70,Zathin,diigo.com,aunwin1x
71,Latlux,goo.ne.jp,lmarchi1y
72,Daltfresh,eventbrite.com,sbroe1z
73,Bitwolf,webmd.com,vmatteini20
74,Domainer,ftc.gov,hhenryson21
75,Aerified,ucsd.edu,sfissenden22
76,Prodder,dailymotion.com,mhanton23
77,Aerified,miibeian.gov.cn,cbiasetti24
78,Span,umich.edu,rbaptiste25
79,Daltfresh,moonfruit.com,wbrownill26
80,Asoka,pinterest.com,mlugden27
81,Alphazap,netlog.com,ekynaston28
82,Ventosanzap,reference.com,tmccreedy29
83,Sub-Ex,alexa.com,tmunnery2a
84,Pannier,whitehouse.gov,wdoggart2b
85,Stronghold,baidu.com,pfawssett2c
86,Fixflex,indiegogo.com,lgrimwood2d
87,Tres-Zap,t-online.de,dsemorad2e
88,Y-Solowarm,pcworld.com,ldobbins2f
89,Zaam-Dox,ovh.net,aovitz2g
90,Trippledex,usnews.com,sbatteson2h
91,Holdlamis,github.com,akinig2i
92,Ronstring,usnews.com,jkinnett2j
93,Zathin,nytimes.com,obrandrick2k
94,Wrapsafe,yahoo.co.jp,hmountfort2l
95,Zontrax,posterous.com,rmowling2m
96,Toughjoyfax,yellowbook.com,mdonegan2n
97,Job,yolasite.com,fgillion2o
98,Rank,buzzfeed.com,cgullyes2p
99,Vagram,indiegogo.com,bbernhart2q
100,Viva,ucla.edu,isigge2r
101,Zontrax,hubpages.com,gchappelow2s
102,Sonair,unesco.org,cjellman2t
103,Quo Lux,deviantart.com,jtrounce2u
104,Cardguard,livejournal.com,dohm2v
105,Ventosanzap,loc.gov,scunniffe2w
106,Tresom,timesonline.co.uk,mrudwell2x
107,Latlux,blogger.com,slewing2y
108,Veribet,cam.ac.uk,vyankov2z
109,Vagram,ftc.gov,gfoucar30
110,Aerified,wsj.com,tchamberlayne31
111,Prodder,feedburner.com,elaxtonne32
112,Temp,com.com,lmcdade33
113,Konklab,unc.edu,mlabusquiere34
114,Sub-Ex,bluehost.com,sclac35
115,Voltsillam,kickstarter.com,rwalewicz36
116,Treeflex,php.net,chabergham37
117,Tres-Zap,webeden.co.uk,ssaby38
118,Asoka,boston.com,dgeddes39
119,Hatity,yolasite.com,zreynoldson3a
120,Stim,creativecommons.org,mbarron3b
121,Konklab,wufoo.com,shancock3c
122,Bamity,yelp.com,cdrowsfield3d
123,Sub-Ex,printfriendly.com,uscamel3e
124,Daltfresh,hp.com,ecreasey3f
125,Sonair,state.gov,emcdougald3g
126,Subin,fc2.com,jburkwood3h
127,Viva,princeton.edu,wkalderon3i
128,Subin,upenn.edu,vcalver3j
129,Asoka,guardian.co.uk,hmalt3k
130,Y-Solowarm,earthlink.net,kpavlenko3l
131,Fix San,geocities.com,akilbride3m
132,Otcom,tuttocitta.it,dfawcett3n
133,Tampflex,marriott.com,dsansome3o
134,Asoka,foxnews.com,clearmond3p
135,Cardguard,vimeo.com,mhuston3q
136,Trippledex,symantec.com,jdurden3r
137,Cookley,blogtalkradio.com,ocordsen3s
138,Domainer,home.pl,lmottini3t
139,Asoka,patch.com,emcsperrin3u
140,Tampflex,archive.org,gscurrey3v
141,Redhold,marketwatch.com,kpracy3w
142,Cookley,51.la,bcapner3x
143,Holdlamis,pcworld.com,bkeneforde3y
144,Flexidy,booking.com,hgoney3z
145,Namfix,desdev.cn,nhaldin40
146,Namfix,alibaba.com,bpesterfield41
147,Konklab,earthlink.net,mcossum42
148,Treeflex,parallels.com,ksnowdon43
149,Rank,i2i.jp,bjiruch44
150,Regrant,prweb.com,llombardo45
151,Job,g.co,nkerins46
152,Wrapsafe,so-net.ne.jp,mcella47
153,Opela,omniture.com,bhenrie48
154,Y-Solowarm,bluehost.com,malpe49
155,Sonair,indiatimes.com,srockliffe4a
156,Bamity,scientificamerican.com,tfassbender4b
157,Sonair,ucsd.edu,khundal4c
158,Quo Lux,acquirethisname.com,abatcock4d
159,Pannier,columbia.edu,aavann4e
160,Y-Solowarm,elegantthemes.com,aluckcuck4f
161,Prodder,cbc.ca,gschankelborg4g
162,Hatity,springer.com,sfergyson4h
163,Keylex,unblog.fr,awillacot4i
164,Zamit,archive.org,nharland4j
165,Treeflex,microsoft.com,mhollington4k
166,Andalax,merriam-webster.com,bmowne4l
167,Keylex,narod.ru,bwhittenbury4m
168,Y-Solowarm,drupal.org,msnaith4n
169,Ventosanzap,who.int,pdrewett4o
170,Otcom,surveymonkey.com,otheunissen4p
171,Fixflex,sphinn.com,gsaph4q
172,Wrapsafe,so-net.ne.jp,ekemmey4r
173,Matsoft,phpbb.com,ujankiewicz4s
174,Kanlam,dell.com,acraufurd4t
175,Bitwolf,geocities.com,vdonisi4u
176,Transcof,whitehouse.gov,gmullins4v
177,Ronstring,washington.edu,wkinton4w
178,Latlux,washington.edu,ldavidge4x
179,Kanlam,netscape.com,nhannam4y
180,Subin,naver.com,fdanilovich4z
181,Stringtough,fastcompany.com,mgecks50
182,Span,about.me,dpinnere51
183,Sonair,cmu.edu,mwoodhall52
184,Viva,wikipedia.org,mboylund53
185,Zaam-Dox,nymag.com,gibarra54
186,Veribet,ifeng.com,doriel55
187,Stim,bloglovin.com,nellar56
188,Toughjoyfax,bbb.org,tackenhead57
189,Voltsillam,goo.ne.jp,mfarrance58
190,Fintone,reverbnation.com,ihathway59
191,Y-Solowarm,wordpress.com,cfairlie5a
192,Trippledex,mashable.com,aarendt5b
193,Keylex,ibm.com,ppenright5c
194,Konklux,state.tx.us,otyhurst5d
195,Konklab,php.net,gantonucci5e
196,Prodder,quantcast.com,whargreaves5f
197,Mat Lam Tam,feedburner.com,rsummerson5g
198,Redhold,washington.edu,dnorheny5h
199,Latlux,digg.com,sbush5i
200,Andalax,go.com,jmccaughan5j
