id_app,id_user,filename
66,38,Justo.ppt
61,120,FusceLacusPurus.mp3
82,164,Sollicitudin.gif
58,135,SitAmet.mp3
5,153,Posuere.ppt
22,65,Rhoncus.xls
25,4,NatoquePenatibusEt.doc
35,42,VulputateVitae.tiff
98,179,Erat.avi
16,144,Sagittis.mp3
39,70,IpsumIntegerA.avi
68,140,Donec.mov
22,2,SagittisSapienCum.ppt
55,143,ConsequatMetusSapien.mov
56,147,AnteVelIpsum.mp3
46,134,Est.xls
27,8,MaurisLaoreet.ppt
47,132,Consequat.pdf
67,76,AmetSemFusce.ppt
34,89,Accumsan.xls
40,128,EratEros.mp3
28,107,ConsequatDui.txt
13,47,Ut.png
46,163,Cursus.ppt
62,18,UltricesPosuereCubilia.doc
68,18,UtNunc.tiff
87,101,In.mp3
57,151,Risus.mp3
76,64,SapienVariusUt.xls
71,84,LoremIpsum.avi
6,30,SagittisNam.mov
78,179,Ipsum.ppt
41,93,ConsequatNullaNisl.xls
42,179,Integer.jpeg
44,67,At.mp3
96,105,RisusPraesent.jpeg
45,43,DiamCras.mp3
93,112,EtUltrices.ppt
65,17,Sit.avi
48,43,DuiLuctus.xls
88,121,Suspendisse.mov
19,192,ErosElementumPellentesque.mov
90,148,In.txt
70,122,TurpisA.tiff
27,149,FelisFusce.png
4,17,IdPretium.doc
76,53,Nisl.avi
14,63,Morbi.xls
43,59,AmetEratNulla.xls
84,80,Massa.avi
10,173,UltricesPosuere.ppt
47,155,Pulvinar.xls
40,188,Molestie.png
93,111,QuisLectus.xls
46,153,FacilisiCrasNon.ppt
17,38,AuctorGravida.mp3
30,198,Nullam.xls
58,20,Sagittis.mpeg
42,140,EratId.jpeg
79,173,PedeMalesuada.ppt
61,160,HacHabitasse.ppt
57,30,Nisl.xls
44,68,MolestieSed.xls
53,10,NamDuiProin.mp3
12,182,SociisNatoque.jpeg
64,184,SuspendisseAccumsan.mp3
10,85,Quis.txt
61,167,Lorem.avi
77,10,Sed.avi
8,173,Diam.xls
52,66,Dictumst.tiff
34,141,PulvinarNullaPede.xls
80,77,Vitae.avi
45,145,LeoRhoncusSed.ppt
16,155,BlanditUltricesEnim.avi
12,198,Turpis.mp3
19,113,Maecenas.ppt
91,13,UtMaurisEget.gif
39,45,EgetTempusVel.jpeg
83,140,LiberoNonMattis.avi
91,195,Sed.xls
26,71,NullaAcEnim.xls
85,162,Aliquam.pdf
77,51,PosuereCubilia.tiff
86,10,Rutrum.avi
16,166,NisiEuOrci.mov
29,120,TurpisIntegerAliquet.xls
52,79,LacusMorbi.gif
66,138,DiamErat.jpeg
80,138,NuncProin.ppt
12,113,AmetSapien.mov
74,33,Curabitur.ppt
51,68,PedePosuere.mp3
61,133,EtUltricesPosuere.avi
4,92,ElementumEuInterdum.mpeg
45,27,ViverraDiam.avi
18,38,LiberoNam.mp3
58,173,Orci.mp3
5,169,Tellus.avi
63,194,SodalesSed.mov
28,178,PosuereMetusVitae.mp3
69,18,LuctusCum.tiff
30,117,NonummyInteger.ppt
9,60,PenatibusEt.pdf
17,74,Sem.avi
39,180,UltricesLiberoNon.txt
3,143,IpsumPrimis.xls
66,156,NullamSitAmet.avi
96,166,Quis.mp3
19,131,EgetTincidunt.ppt
72,132,ScelerisqueMauris.jpeg
5,103,AliquamLacusMorbi.pdf
99,184,NibhIn.xls
86,157,IdLigula.ppt
59,17,Ut.ppt
66,179,Vulputate.xls
80,163,LiberoRutrumAc.mp3
61,133,Vel.jpeg
41,166,Viverra.jpeg
74,171,SedMagnaAt.jpeg
38,143,LaciniaAenean.tiff
27,57,In.pdf
14,30,Orci.gif
61,121,OrnareConsequat.xls
92,184,MetusVitaeIpsum.avi
41,77,PrimisIn.mp3
6,50,Fusce.mpeg
82,148,Orci.mp3
21,127,RhoncusMaurisEnim.mp3
76,4,Dolor.xls
70,154,OdioCurabiturConvallis.tiff
51,166,RidiculusMusVivamus.jpeg
95,111,Convallis.mpeg
61,51,OrciEgetOrci.mov
59,130,CubiliaCuraeMauris.ppt
67,134,DuiVel.avi
46,9,NullaMollisMolestie.mp3
24,190,Volutpat.png
64,106,Non.avi
11,178,AtVelit.mpeg
19,58,Sit.png
71,83,ElitSodales.xls
94,116,OdioConsequat.jpeg
54,64,At.tiff
12,196,IpsumDolor.tiff
12,155,UtOdioCras.jpeg
44,64,NasceturRidiculusMus.mp3
3,170,MagnaVestibulum.tiff
57,197,MassaDonecDapibus.jpeg
62,115,Amet.mp3
32,17,VivamusVestibulum.tiff
24,118,OrciNullamMolestie.doc
31,108,AeneanAuctorGravida.gif
44,167,CubiliaCuraeMauris.avi
45,170,AmetLobortisSapien.mov
47,40,Donec.jpeg
81,199,VelitDonec.mp3
67,61,Eros.gif
13,49,IdLigula.mpeg
55,174,SuspendisseAccumsan.txt
55,27,SapienSapienNon.doc
19,188,VolutpatQuam.gif
86,22,Odio.ppt
29,127,UtBlanditNon.mp3
13,133,Blandit.ppt
8,190,CongueElementum.txt
59,141,EgetCongueEget.xls
64,7,MaurisMorbi.mp3
70,195,Duis.jpeg
18,118,Pulvinar.ppt
70,183,FaucibusOrciLuctus.mp3
13,174,AtLorem.ppt
96,126,ProinRisus.xls
50,42,LuctusEtUltrices.xls
92,178,QuisqueUt.ppt
69,85,Habitasse.xls
46,193,LuctusEt.txt
1,199,NullaMollis.ppt
43,199,RidiculusMusEtiam.ppt
19,116,DapibusDolorVel.tiff
56,69,DolorVelEst.tiff
55,184,LaciniaNisiVenenatis.mov
34,158,Augue.avi
33,157,EnimInTempor.mp3
34,142,A.ppt
46,100,MolestieSed.mp3
57,142,NisiVulputate.avi
93,84,InFaucibus.pdf
32,53,OdioPorttitor.mp3
14,187,PrimisInFaucibus.xls
9,54,EgetSemperRutrum.ppt
35,84,CuraeDonecPharetra.jpeg
21,54,SemPraesent.avi
80,11,InHac.tiff
94,95,Ut.xls
92,143,Vivamus.ppt
50,180,AtTurpis.ppt
47,96,Et.avi
1,104,LaciniaNisi.ppt
56,187,VestibulumAcEst.jpeg
14,2,HacHabitassePlatea.mp3
29,21,TurpisSedAnte.tiff
26,80,PorttitorLacusAt.mp3
13,89,Nullam.txt
6,177,UtDolorMorbi.avi
80,192,InterdumMaurisUllamcorper.jpeg
99,17,RisusPraesent.ppt
33,32,Vulputate.avi
26,175,DictumstMorbiVestibulum.txt
84,188,Ipsum.mov
45,85,LigulaPellentesqueUltrices.mp3
9,48,JustoLaciniaEget.mp3
27,161,SemFusce.xls
80,89,Eget.avi
100,60,Sit.txt
70,37,QuamFringillaRhoncus.mov
54,188,Pellentesque.mov
4,127,Cursus.ppt
90,104,EgetElitSodales.avi
3,184,InSapien.mp3
49,72,AmetNulla.ppt
36,89,PlaceratAnteNulla.mp3
67,158,MaurisLaoreetUt.gif
76,69,TinciduntAnteVel.mp3
81,143,InLibero.mp3
70,23,SapienDignissim.xls
81,77,OdioCondimentumId.pdf
41,31,AccumsanTortor.mpeg
44,33,SapienSapien.jpeg
59,112,Lectus.mov
75,92,EtiamJustoEtiam.xls
12,25,CrasNon.tiff
67,73,LuctusNec.tiff
5,42,SapienDignissim.txt
20,38,QuamFringilla.ppt
38,27,Primis.avi
72,74,LiberoConvallis.jpeg
39,141,PellentesqueAt.mpeg
67,110,NonummyMaecenasTincidunt.avi
6,194,Blandit.jpeg
71,155,LobortisVelDapibus.xls
19,97,Condimentum.avi
22,51,FuscePosuereFelis.tiff
60,162,OrciLuctusEt.avi
53,20,NislVenenatis.xls
21,110,ErosSuspendisse.xls
75,138,PretiumIaculisDiam.xls
20,195,Ultrices.ppt
45,29,AliquamEratVolutpat.ppt
14,71,VenenatisTurpis.mp3
94,191,Eleifend.xls
8,155,OrciLuctusEt.gif
64,17,MolestieLorem.mp3
61,123,SemFusceConsequat.avi
89,156,UltricesPosuere.ppt
100,131,NonMiInteger.tiff
37,134,OdioCrasMi.png
5,92,VelPedeMorbi.xls
53,161,QuisqueIdJusto.mp3
66,123,SitAmet.pdf
100,37,DonecDapibus.mp3
13,16,HabitassePlateaDictumst.doc
84,23,LigulaSitAmet.txt
40,95,VestibulumQuamSapien.avi
8,191,Sapien.avi
71,24,SapienIn.mp3
60,2,AliquetUltrices.ppt
70,122,AnteVestibulumAnte.txt
38,69,NecMolestieSed.mov
91,196,NisiVenenatis.avi
52,173,NullaFacilisi.mp3
86,151,AdipiscingElit.ppt
94,108,OrnareConsequatLectus.ppt
90,57,EtMagnisDis.pdf
66,142,TurpisInteger.mpeg
92,158,CursusUrna.mp3
45,157,Vel.tiff
64,114,QuisquePortaVolutpat.tiff
92,147,Ut.pdf
50,142,Iaculis.avi
44,121,LaciniaAenean.ppt
78,78,AnteIpsum.xls
78,78,Nulla.mp3
4,20,LuctusEt.mp3
55,179,Cubilia.jpeg
77,21,PellentesqueEgetNunc.avi
13,89,RisusDapibusAugue.mp3
79,137,SitAmetConsectetuer.mpeg
65,15,CondimentumCurabiturIn.mpeg
62,3,InterdumMauris.mov
41,11,NullaMollis.pdf
64,143,Ac.xls
15,33,FelisUtAt.avi
1,149,JustoMaecenasRhoncus.xls
31,198,NibhQuisqueId.xls
73,126,AnteIpsumPrimis.tiff
18,164,FaucibusCursusUrna.mov
19,27,Nisi.pdf
26,9,VelitNecNisi.txt
38,123,NuncRhoncusDui.xls
